{
  "name": "hex-colorpicker",
  "version": "1.0.7",
  "title":  "jQuery Hex Colorpicker",
  "description": "A simple plugin for visual selection of colors via a discrete hexagonal color picker using hsl or hsv mapping.",
  "docs": "http://booneputney.com/jquery-hex-colorpicker.html",
  "homepage": "http://booneputney.com/jquery-hex-colorpicker.html",
  "demo": "http://booneputney.com/jquery-hex-colorpicker.html",
  "author": {
    "name": "Boone Putney",
    "url": "http://booneputney.com"
  },
  "licenses": [
    {
      "type": "MIT",
      "url": "https://raw.githubusercontent.com/boonep/jquery-hex-colorpicker/master/MIT-LICENSE.txt"
    }
  ],
  "dependencies": {
    "jquery": ">=1.3"
  },
  "keywords": ["color", "picker", "rgb", "hex", "colorpicker", "ui", "input", "form", "hsv", "hsl", "dialog"]
}
